player_id|Rk|Unnamed: 1|Age|G|GS|MP|FG|FGA|FG%|FT|FTA|FT%|TRB|AST|PF|PTS|player_id
calabge01|1|Gerry Calabrese|25|46|||70|197|0.355|61|88|0.693|65.0|65|80|201|calabge01
seymopa01|2|Paul Seymour|23|51|||125|385|0.325|117|159|0.736|194.0|187|138|367|seymopa01
scolafr01|3|Fred Scolari|28|31|||129|410|0.315|110|132|0.833||127|94|368|scolafr01
schaydo01|4|Dolph Schayes|22|66|||332|930|0.35700000000000004|457|608|0.752|1080.0|251|271|1121|schaydo01
ratkoge01|5|George Ratkovicz|28|66|||264|636|0.415|321|439|0.731|547.0|193|256|849|ratkoge01
petered01|6|Ed Peterson|26|17|||30|81|0.37|20|33|0.606|38.0|8|45|80|petered01
macknjo01|7|Johnny Macknowski|28|58|||131|435|0.301|122|170|0.718|110.0|69|134|384|macknjo01
lofgrdo01|8|Don Lofgran|21|47|||52|175|0.297|58|93|0.624||29|103|162|lofgrdo01
jorgeno01|9|Noble Jorgensen|25|41|||136|362|0.376|110|163|0.675|226.0|64|145|382|jorgeno01
hannual01|10|Alex Hannum|27|63|||182|494|0.368|107|197|0.5429999999999999|301.0|119|271|471|hannual01
gaborbi01|11|Bill Gabor|28|61|||255|745|0.342|179|242|0.74|150.0|125|213|689|gaborbi01
chollle01|12|Leroy Chollet|25|14|||6|51|0.11800000000000001|12|19|0.632|15.0|12|29|24|chollle01
cervial01|13|Al Cervi|33|53|||132|346|0.382|194|237|0.8190000000000001|152.0|208|180|458|cervial01
smawlbe01|14|Belus Smawley|32|16|||40|118|0.33899999999999997|44|54|0.815|48.0|36|36|124|smawlbe01
