player_id|Rk|Unnamed: 1|Age|G|GS|MP|FG|FGA|FG%|3P|3PA|3P%|2P|2PA|2P%|eFG%|FT|FTA|FT%|ORB|DRB|TRB|AST|STL|BLK|TOV|PF|PTS|player_id
nancela01|1|Larry Nance|25|61|55|2202|515|877|0.5870000000000001|1|2|0.5|514|875|0.5870000000000001|0.588|180|254|0.7090000000000001|195|341|536|159|88|104|136|185|1211|nancela01
adamsal01|2|Alvan Adams|30|82|69|2136|476|915|0.52|0|0||476|915|0.52|0.52|250|283|0.883|153|347|500|308|115|48|197|254|1202|adamsal01
humphja01|3|Jay Humphries|22|80|39|2062|279|626|0.446|4|20|0.2|275|606|0.45399999999999996|0.449|141|170|0.8290000000000001|32|132|164|350|107|8|167|209|703|humphja01
macyky01|4|Kyle Macy|27|65|52|2018|282|582|0.485|23|85|0.271|259|497|0.521|0.504|127|140|0.907|33|146|179|380|85|3|111|128|714|macyky01
edwarja01|5|James Edwards|29|70|58|1787|384|766|0.501|0|3|0.0|384|763|0.503|0.501|276|370|0.746|95|292|387|153|26|52|162|237|1044|edwarja01
holtomi01|6|Mike Holton|23|74|59|1761|257|576|0.446|14|45|0.311|243|531|0.45799999999999996|0.45799999999999996|96|118|0.8140000000000001|30|102|132|198|59|6|123|141|624|holtomi01
lucasma01|7|Maurice Lucas|32|63|22|1670|346|727|0.47600000000000003|0|4|0.0|346|723|0.479|0.47600000000000003|150|200|0.75|138|419|557|145|39|17|151|183|842|lucasma01
jonesch02|8|Charles Jones|23|78|14|1565|236|454|0.52|0|4|0.0|236|450|0.524|0.52|182|281|0.648|139|255|394|128|45|61|143|149|654|jonesch02
fostero01|9|Rod Foster|24|79|1|1318|286|636|0.45|41|126|0.325|245|510|0.48|0.48200000000000004|83|110|0.755|27|53|80|186|61|0|117|171|696|fostero01
scottal01|10|Alvin Scott|29|77|18|1238|111|259|0.429|1|5|0.2|110|254|0.433|0.431|53|74|0.716|46|115|161|127|39|25|60|125|276|scottal01
pittmch01|11|Charles Pittman|26|68|3|1001|107|227|0.47100000000000003|0|2|0.0|107|225|0.47600000000000003|0.47100000000000003|109|146|0.747|90|137|227|69|20|21|100|144|323|pittmch01
daviswa03|12|Walter Davis|30|23|9|570|139|309|0.45|3|10|0.3|136|299|0.455|0.455|64|73|0.877|6|29|35|98|18|0|50|42|345|daviswa03
sandemi01|13|Mike Sanders|24|21|11|418|85|175|0.486|0|0||85|175|0.486|0.486|45|59|0.763|38|51|89|29|23|4|34|59|215|sandemi01
robeyri01|14|Rick Robey|29|4|0|48|2|9|0.222|0|0||2|9|0.222|0.222|1|2|0.5|3|5|8|5|2|0|8|7|5|robeyri01
youngmi01|15|Michael Young|24|2|0|11|2|6|0.33299999999999996|0|1|0.0|2|5|0.4|0.33299999999999996|0|0||1|1|2|0|0|0|0|0|4|youngmi01
