player_id|Player|No.|Pos
bantomi01|Mike Bantom|42|SF
cheekma01|Maurice Cheeks|10|PG
curetea01|Earl Cureton|25|PF
dawkida01|Darryl Dawkins|53|C
edwarfr01|Franklin Edwards|14|PG
ervinju01|Julius Erving|6|SF
hollili01|Lionel Hollins|9|PG
johnsol01|Ollie Johnson|18|SF
jonesbo01|Bobby Jones|24|PF
jonesca01|Caldwell Jones|11|C
mixst01|Steve Mix|23|SF
richacl01|Clint Richardson|4|SG
toneyan01|Andrew Toney|22|SG
