player_id|Player|No.|Pos
arizipa01|Paul Arizin|11|SF
bobbne01|Nelson Bobb|5|PG
brownst01|Stan Brown|14|F
budkowa01|Walt Budko|19|PF
dahleed01|Ed Dahler|16|F
fulksjo01|Joe Fulks|10|PF
gardnve01|Vern Gardner|12|SG
johnsne01|Neil Johnston|6|C
mikaned01|Ed Mikan|15|C
paytome01|Mel Payton|18|SF
phillan01|Andy Phillip|7|SG
senesge01|George Senesky|8|PG
