player_id|Rk|Unnamed: 1|Age|G|GS|MP|FG|FGA|FG%|FT|FTA|FT%|TRB|AST|PF|PTS|player_id
arizipa01|1|Paul Arizin|23|66||2939|548|1222|0.44799999999999995|578|707|0.818|745|170|250|1674|arizipa01
phillan01|2|Andy Phillip|29|66||2933|279|762|0.366|232|308|0.753|434|539|218|790|phillan01
senesge01|3|George Senesky|29|57||1925|164|454|0.361|146|194|0.753|232|280|123|474|senesge01
fulksjo01|4|Joe Fulks|30|61||1904|336|1078|0.312|250|303|0.825|368|123|255|922|fulksjo01
mikaned01|5|Ed Mikan|26|66||1781|202|571|0.354|116|148|0.784|492|87|252|520|mikaned01
bobbne01|6|Nelson Bobb|27|62||1192|110|306|0.359|99|167|0.593|147|168|182|319|bobbne01
budkowa01|7|Walt Budko|26|63||1126|97|240|0.40399999999999997|60|89|0.674|232|91|196|254|budkowa01
johnsne01|8|Neil Johnston|22|64||993|141|299|0.47200000000000003|100|151|0.662|342|39|154|382|johnsne01
gardnve01|9|Vern Gardner|26|27||507|72|194|0.371|15|23|0.652|112|37|60|159|gardnve01
paytome01|10|Mel Payton|25|45||471|54|140|0.386|21|28|0.75|83|45|68|129|paytome01
brownst01|11|Stan Brown|22|15||141|22|63|0.349|10|18|0.556|17|9|32|54|brownst01
dahleed01|12|Ed Dahler|26|14||112|14|38|0.368|7|7|1.0|22|5|16|35|dahleed01
