player_id|Player|No.|Pos
andersh01|Shandon Anderson|49|SF
doleami01|Michael Doleac|51|C
eisleho01|Howard Eisley|4|PG
harriot01|Othella Harrington|32|PF
houstal01|Allan Houston|20|SG
knightr01|Travis Knight|44|C
nailole01|Lee Nailon|54|SF
postela01|Lavor Postell|7|SG
sprewla01|Latrell Sprewell|8|SF
thomaku01|Kurt Thomas|40|C
wardch01|Charlie Ward|21|PG
weathcl01|Clarence Weatherspoon|35|PF
willifr02|Frank Williams|30|PG
