player_id|Player|No.|Pos
anstech01|Chris Anstey|11|C
bradlsh01|Shawn Bradley|44|C
cebalce01|Cedric Ceballos|23|SF
davishu01|Hubert Davis|24|SG
finlemi01|Michael Finley|4|SF
greenac01|A.C. Green|45|PF
nashst01|Steve Nash|13|PG
nowitdi01|Dirk Nowitzki|41|PF
packro01|Robert Pack|14|PG
stricer01|Erick Strickland|20|SG
sundobr01|Bruno Šundov|40|C
trentga01|Gary Trent|33|PF
walkesa01|Samaki Walker|52|PF
williho01|Hot Rod Williams|18|C
