player_id|Rk|Unnamed: 1|Age|G|GS|MP|FG|FGA|FG%|FT|FTA|FT%|ORB|DRB|TRB|AST|STL|BLK|TOV|PF|PTS|player_id
kenonla01|1|Larry Kenon|26|81||2947|748|1484|0.504|295|349|0.845|260|530|790|335|154|19|300|192|1791|kenonla01
gervige01|2|George Gervin|26|80||2888|947|1749|0.541|471|570|0.826|142|258|400|219|137|91|286|275|2365|gervige01
silasja01|3|James Silas|29|79||2171|466|922|0.505|334|402|0.831|35|148|183|273|76|20|199|215|1266|silasja01
paultbi01|4|Billy Paultz|30|79||2122|399|758|0.526|114|194|0.588|169|456|625|178|35|125|157|204|912|paultbi01
galemi01|5|Mike Gale|28|82||2121|284|612|0.46399999999999997|91|108|0.843|40|146|186|374|152|40|153|192|659|galemi01
olberma01|6|Mark Olberding|22|80||1885|261|551|0.474|233|290|0.8029999999999999|96|333|429|211|53|18|163|282|755|olberma01
greenmi01|7|Mike Green|27|76||1641|235|477|0.493|101|144|0.701|131|223|354|116|37|122|89|230|571|greenmi01
dietrco01|8|Coby Dietrick|30|76||1487|209|400|0.523|79|99|0.7979999999999999|88|227|315|198|72|38|92|206|497|dietrco01
bristal01|9|Allan Bristow|27|74||1324|174|354|0.49200000000000005|124|149|0.8320000000000001|80|167|247|231|56|15|108|154|472|bristal01
dampilo01|10|Louie Dampier|34|70||760|123|251|0.49|29|39|0.7440000000000001|15|48|63|124|35|8|39|42|275|dampilo01
sandefr01|11|Frankie Sanders|22|22||263|50|127|0.39399999999999996|32|41|0.78|13|46|59|35|14|3|32|44|132|sandefr01
moslegl01|12|Glenn Mosley|23|26||221|31|75|0.413|23|38|0.605|27|37|64|19|8|10|20|35|85|moslegl01
