player_id|Player|No.|Pos
cartwbi01|Bill Cartwright|25|C
cleamji01|Jim Cleamons|35|PG
copelho01|Hollis Copeland|45|SF
demicla01|Larry Demic|42|PF
glennmi01|Mike Glenn|34|SG
hustoge01|Geoff Huston|23|PG
knighto01|Toby Knight|43|SF
meriwjo01|Joe Meriweather|50|PF
monroea01|Earl Monroe|15|SG
richami01|Micheal Ray Richardson|20|SG
webstma01|Marvin Webster|40|C
willira01|Ray Williams|13|PG
willisl01|Sly Williams|33|SF
