player_id|Rk|Unnamed: 1|Age|G|GS|MP|FG|FGA|FG%|FT|FTA|FT%|TRB|AST|PF|PTS|player_id
bellawa01|1|Walt Bellamy|25|80||3301|733|1441|0.509|515|752|0.685|1166|191|260|1981|bellawa01
howelba01|2|Bailey Howell|28|80||2975|515|1040|0.495|504|629|0.8009999999999999|869|208|345|1534|howelba01
johnsgu01|3|Gus Johnson|26|76||2899|577|1379|0.418|261|386|0.6759999999999999|988|270|258|1415|johnsgu01
ohldo01|4|Don Ohl|28|77||2821|568|1297|0.43799999999999994|284|388|0.732|336|250|274|1420|ohldo01
loughke01|5|Kevin Loughery|24|80||2417|406|957|0.424|212|281|0.754|235|296|320|1024|loughke01
ferrybo01|6|Bob Ferry|27|77||1280|143|338|0.423|122|199|0.613|355|60|156|408|ferrybo01
joneswa02|7|Wali Jones|22|77||1250|154|411|0.375|99|136|0.728|140|200|196|407|joneswa02
greensi01|8|Si Green|31|70||1086|152|368|0.413|101|161|0.627|169|140|134|405|greensi01
hightwa01|9|Wayne Hightower|25|27||510|60|174|0.345|62|81|0.765|173|16|61|182|hightwa01
braddga01|10|Gary Bradds|22|41||335|46|111|0.414|45|63|0.7140000000000001|84|19|36|137|braddga01
hardnch01|11|Charlie Hardnett|26|20||200|25|80|0.313|23|39|0.59|77|2|37|73|hardnch01
butleal01|12|Al Butler|26|25||172|24|73|0.32899999999999996|11|15|0.733|21|12|25|59|butleal01
huntele01|13|Les Hunter|22|24||114|18|64|0.281|6|14|0.429|50|11|16|42|huntele01
hillga01|14|Gary Hill|23|3||15|0|1|0.0|0|0||1|1|1|0|hillga01
