player_id|Player|No.|Pos
benjabe01|Benoit Benjamin|0|C
burttst01|Steve Burtt|15|SG
cagemi01|Michael Cage|44|PF
colemno01|Norris Coleman|45|SF
curetea01|Earl Cureton|25|PF
dailequ01|Quintin Dailey|20|SG
drewla01|Larry Drew|2|PG
fieldke01|Kenny Fields|54|SF
gordola01|Lancaster Gordon|4|SG
gregocl01|Claude Gregory|43|PF
kitegr01|Greg Kite|32|C
murphto01|Tod Murphy|46|PF
nesslma01|Martin Nessley|51|C
normake01|Ken Norman|33|SF
phelpmi01|Michael Phelps|14|SG
valenda01|Darnell Valentine|1|PG
whiteer01|Eric White|12|SF
willire01|Reggie Williams|34|SF
wolfjo01|Joe Wolf|24|C
woodsmi01|Mike Woodson|42|SG
