player_id|Rk|Unnamed: 1|Age|G|GS|MP|FG|FGA|FG%|FT|FTA|FT%|ORB|DRB|TRB|AST|STL|BLK|TOV|PF|PTS|player_id
barryri01|1|Rick Barry|33|82||3024|760|1686|0.451|378|409|0.924|75|374|449|446|158|45|224|188|1898|barryri01
smithph01|2|Phil Smith|25|82||2940|648|1373|0.47200000000000003|316|389|0.812|100|200|300|393|108|27|266|219|1612|smithph01
raycl01|3|Clifford Ray|29|79||2268|272|476|0.5710000000000001|148|243|0.609|236|522|758|147|74|90|150|291|692|raycl01
parkeso01|4|Sonny Parker|22|82||2069|406|783|0.519|122|173|0.705|167|222|389|155|135|36|128|186|934|parkeso01
parisro01|5|Robert Parish|24|82||1969|430|911|0.47200000000000003|165|264|0.625|211|469|680|95|79|123|201|291|1025|parisro01
colemec01|6|E.C. Coleman|27|72||1801|212|446|0.475|40|55|0.727|117|259|376|100|66|23|95|253|464|colemec01
dudlech01|7|Charles Dudley|27|78||1660|127|249|0.51|138|195|0.708|86|201|287|409|68|2|163|181|392|dudlech01
greenri01|8|Rickey Green|23|76||1098|143|375|0.381|54|90|0.6|49|67|116|149|58|1|79|95|340|greenri01
marshri01|9|Ricky Marsh|23|60||851|123|289|0.426|23|33|0.6970000000000001|16|59|75|90|29|19|50|111|269|marshri01
willina01|10|Nate Williams|27|46||815|222|510|0.435|70|84|0.833|38|76|114|40|36|22|58|120|514|willina01
johnsch01|11|Charles Johnson|28|32||492|96|235|0.409|7|10|0.7|23|39|62|48|31|4|23|53|199|johnsch01
coxwe01|12|Wesley Cox|23|43||453|69|173|0.39899999999999997|58|100|0.58|42|101|143|12|21|10|36|82|196|coxwe01
dickede01|13|Derrek Dickey|26|22||273|60|130|0.462|16|17|0.941|21|28|49|11|10|2|17|29|136|dickede01
mcneila01|14|Larry McNeill|27|9||67|6|18|0.33299999999999996|15|19|0.789|2|12|14|2|0|1|7|14|27|mcneila01
