player_id|Player|No.|Pos
anthogr01|Greg Anthony|50|PG
augmost01|Stacey Augmon|2|SG
grantbr01|Brian Grant|44|PF
grantga01|Gary Grant|14|PG
harvean01|Antonio Harvey|34|PF
kleinjo01|Joe Kleine|35|C
onealje01|Jermaine O'Neal|5|C
pippesc01|Scottie Pippen|33|SF
sabonar01|Arvydas Sabonis|11|C
schrede01|Detlef Schrempf|12|SF
smithst01|Steve Smith|8|SG
stoudda01|Damon Stoudamire|3|PG
wallara01|Rasheed Wallace|30|PF
wellsbo01|Bonzi Wells|6|SF
