player_id|Player|No.|Pos
calabge01|Gerry Calabrese|13|SG
cervial01|Al Cervi|15|PG
gaborbi01|Bill Gabor|7|SG
jorgeno01|Noble Jorgensen|6|C
kingge01|George King|3|PG
osterwa01|Wally Osterkorn|8-17|SF
ratkoge01|George Ratkovicz|10|PF
rochare01|Red Rocha|16|C
savagdo01|Don Savage|9|F-G
schaydo01|Dolph Schayes|4|PF
seymopa01|Paul Seymour|5|SG
