player_id|Rk|Unnamed: 1|Age|G|GS|MP|FG|FGA|FG%|FT|FTA|FT%|ORB|DRB|TRB|AST|STL|BLK|TOV|PF|PTS|player_id
cowenda01|1|Dave Cowens|29|77||3215|598|1220|0.49|239|284|0.8420000000000001|248|830|1078|351|102|67|217|297|1435|cowenda01
havlijo01|2|John Havlicek|37|82||2797|546|1217|0.449|230|269|0.855|93|239|332|328|90|22|204|185|1322|havlijo01
wickssi01|3|Sidney Wicks|28|81||2413|433|927|0.467|217|329|0.66|223|450|673|171|67|46|226|318|1083|wickssi01
bingda01|4|Dave Bing|34|80||2256|422|940|0.449|244|296|0.8240000000000001|76|136|212|300|79|18|216|247|1088|bingda01
whitejo01|5|Jo Jo White|31|46||1641|289|690|0.419|103|120|0.858|53|127|180|209|49|7|117|109|681|whitejo01
maxwece01|6|Cedric Maxwell|22|72||1213|170|316|0.5379999999999999|188|250|0.752|138|241|379|68|53|48|122|151|528|maxwece01
bosweto01|7|Tom Boswell|24|65||1149|185|357|0.518|93|123|0.7559999999999999|117|171|288|71|25|14|95|204|463|bosweto01
scottch01|8|Charlie Scott|29|31||1080|210|485|0.433|84|118|0.7120000000000001|24|77|101|143|51|6|105|97|504|scottch01
stacoke01|9|Kevin Stacom|26|55||1006|206|484|0.426|54|71|0.7609999999999999|26|80|106|111|28|3|69|60|466|stacoke01
rowecu01|10|Curtis Rowe|28|51||911|123|273|0.451|66|89|0.742|74|129|203|45|14|8|76|94|312|rowecu01
washike01|11|Kermit Washington|26|32||866|137|263|0.521|102|136|0.75|105|230|335|42|28|40|54|114|376|washike01
chanedo01|12|Don Chaney|31|42||702|91|233|0.391|33|39|0.846|36|69|105|49|36|10|50|93|215|chanedo01
digreer01|13|Ernie DiGregorio|27|27||274|47|109|0.431|12|13|0.9229999999999999|2|25|27|66|12|1|47|22|106|digreer01
saundfr01|14|Fred Saunders|26|26||243|30|91|0.33|14|17|0.8240000000000001|11|26|37|11|7|4|20|34|74|saundfr01
abdulza01|15|Zaid Abdul-Aziz|31|2||24|3|13|0.231|2|3|0.667|6|9|15|3|1|1|3|4|8|abdulza01
bigelbo01|16|Bob Bigelow|24|4||17|3|12|0.25|0|0||1|3|4|0|0|0|0|1|6|bigelbo01
kuberst01|17|Steve Kuberski|30|3||14|1|4|0.25|0|0||1|5|6|0|1|0|2|2|2|kuberst01
ardji01|18|Jim Ard|29|1||9|0|1|0.0|1|2|0.5|1|3|4|1|0|0|0|1|1|ardji01
