player_id|Player|No.|Pos
ervinju01|Julius Erving|32|SF
galemi01|Mike Gale|12|PG
gregoga01|Gary Gregor|44|SF
kenonla01|Larry Kenon|35|PF
lackebo01|Bob Lackey|30|SG
ladnewe01|Wendell Ladner|4|SF
melchbi01|Bill Melchionni|25|PG
obrieji02|Jim O'Brien|44|SF
paultbi01|Billy Paultz|5|C
rinalri01|Rich Rinaldi|22|SG
rochejo01|John Roche|13|SG
schaebi01|Billy Schaeffer|15|SF
sojouwi01|Willie Sojourner|40|C
taylobr01|Brian Taylor|14|PG
taylool01|Oliver Taylor|22|SG
willijo01|John Williamson|23|SG
