player_id|Rk|Unnamed: 1|Age|G|GS|MP|FG|FGA|FG%|3P|3PA|3P%|2P|2PA|2P%|eFG%|FT|FTA|FT%|ORB|DRB|TRB|AST|STL|BLK|TOV|PF|PTS|player_id
eatonma01|1|Mark Eaton|28|82|82|2813|302|673|0.449|0|0||302|673|0.449|0.449|190|267|0.7120000000000001|207|720|927|124|36|456|206|312|794|eatonma01
griffda01|2|Darrell Griffith|26|78|78|2776|728|1593|0.457|92|257|0.358|636|1336|0.47600000000000003|0.486|216|298|0.725|124|220|344|243|133|30|247|178|1764|griffda01
baileth01|3|Thurl Bailey|23|80|68|2481|507|1034|0.49|1|1|1.0|506|1033|0.49|0.491|197|234|0.8420000000000001|153|372|525|138|51|105|152|215|1212|baileth01
greenri01|4|Rickey Green|30|77|77|2431|381|798|0.47700000000000004|6|20|0.3|375|778|0.48200000000000004|0.48100000000000004|232|267|0.8690000000000001|37|152|189|597|132|3|177|131|1000|greenri01
dantlad01|5|Adrian Dantley|28|55|46|1971|512|964|0.531|0|0||512|964|0.531|0.531|438|545|0.804|148|175|323|186|57|8|171|133|1462|dantlad01
wilkije01|6|Jeff Wilkins|29|79|0|1505|285|582|0.49|0|1|0.0|285|581|0.491|0.49|61|80|0.763|78|288|366|81|35|18|91|173|631|wilkije01
stockjo01|7|John Stockton|22|82|5|1490|157|333|0.47100000000000003|2|11|0.182|155|322|0.48100000000000004|0.474|142|193|0.736|26|79|105|415|109|11|150|203|458|stockjo01
kelleri01|8|Rich Kelley|31|77|34|1276|103|216|0.47700000000000004|0|2|0.0|103|214|0.48100000000000004|0.47700000000000004|84|112|0.75|118|232|350|120|42|30|124|227|290|kelleri01
roberfr01|9|Fred Roberts|24|52|0|873|164|320|0.513|1|1|1.0|163|319|0.511|0.514|121|144|0.84|68|83|151|65|18|10|68|96|450|roberfr01
hansebo01|10|Bob Hansen|24|54|4|646|110|225|0.489|1|7|0.14300000000000002|109|218|0.5|0.491|40|72|0.556|20|50|70|75|25|1|49|88|261|hansebo01
drewjo01|11|John Drew|30|19|16|463|107|260|0.41200000000000003|0|4|0.0|107|256|0.418|0.41200000000000003|94|122|0.77|36|46|82|35|22|2|42|65|308|drewjo01
anderjj01|12|J.J. Anderson|24|44|0|457|61|149|0.409|0|2|0.0|61|147|0.415|0.409|27|45|0.6|29|53|82|21|29|9|32|70|149|anderjj01
paultbi01|13|Billy Paultz|36|62|0|370|32|87|0.368|0|0||32|87|0.368|0.368|18|28|0.643|24|72|96|16|6|11|30|51|82|paultbi01
mannipa01|14|Pace Mannion|24|34|0|190|27|63|0.429|0|1|0.0|27|62|0.435|0.429|16|23|0.696|12|11|23|27|16|3|18|17|70|mannipa01
nattke01|15|Kenny Natt|26|4|0|13|2|5|0.4|0|0||2|5|0.4|0.4|2|4|0.5|1|1|2|0|1|0|3|2|6|nattke01
