player_id|Rk|Unnamed: 1|Age|G|GS|MP|FG|FGA|FG%|FT|FTA|FT%|TRB|AST|PF|PTS|player_id
gueriri01|1|Richie Guerin|30|79||2712|596|1380|0.43200000000000005|509|600|0.848|331|348|228|1701|gueriri01
greenjo01|2|Johnny Green|29|80||2553|582|1261|0.462|280|439|0.638|964|152|243|1444|greenjo01
shuege01|3|Gene Shue|31|78||2288|354|894|0.396|208|302|0.6890000000000001|191|259|171|916|shuege01
golato01|4|Tom Gola|30|52||1848|252|548|0.46|120|153|0.784|369|225|202|624|golato01
buddda01|5|Dave Budd|24|78||1725|294|596|0.493|151|202|0.748|395|87|204|739|buddda01
conlege01|6|Gene Conley|32|70||1544|254|651|0.39|122|186|0.6559999999999999|469|70|263|630|conlege01
butleal01|7|Al Butler|24|74||1488|297|676|0.439|144|187|0.77|170|156|145|738|butleal01
hoguedu01|8|Paul Hogue|22|50||1340|152|419|0.363|79|174|0.45399999999999996|430|42|220|383|hoguedu01
butchdo01|9|Donnie Butcher|26|68||1193|172|424|0.406|131|194|0.675|180|138|164|475|butchdo01
nordmbe01|10|Bevo Nordmann|23|26||729|120|239|0.502|38|83|0.45799999999999996|231|39|107|278|nordmbe01
naullwi01|11|Willie Naulls|28|23||676|155|375|0.413|78|96|0.813|200|44|42|388|naullwi01
rudomjo01|12|John Rudometkin|22|56||572|108|307|0.35200000000000004|73|95|0.768|149|30|58|289|rudomjo01
searske01|13|Kenny Sears|29|23||359|48|92|0.522|26|46|0.565|67|40|29|122|searske01
stithto01|14|Tom Stith|24|25||209|37|110|0.336|3|10|0.3|39|18|23|77|stithto01
foleyja01|15|Jack Foley|23|6||37|7|25|0.28|7|7|1.0|9|5|5|21|foleyja01
buckncl01|16|Cleveland Buckner|24|6||27|5|10|0.5|2|4|0.5|4|5|6|12|buckncl01
