player_id|Rk|Unnamed: 1|Age|G|GS|MP|FG|FGA|FG%|FT|FTA|FT%|TRB|AST|PF|PTS|player_id
bellawa01|1|Walt Bellamy|24|80||3394|811|1582|0.513|537|825|0.6509999999999999|1361|126|300|2159|bellawa01
johnsgu01|2|Gus Johnson|25|78||2847|571|1329|0.43|210|319|0.6579999999999999|1064|169|321|1352|johnsgu01
dischte01|3|Terry Dischinger|23|80||2816|604|1217|0.496|454|585|0.7759999999999999|667|157|321|1662|dischte01
thornro01|4|Rod Thorn|22|75||2594|411|1015|0.405|258|353|0.731|360|281|187|1080|thornro01
greensi01|5|Si Green|30|75||2064|287|691|0.415|198|290|0.6829999999999999|282|215|224|772|greensi01
loughke01|6|Kevin Loughery|23|65||1457|235|627|0.375|126|177|0.7120000000000001|138|182|173|596|loughke01
kojisdo01|7|Don Kojis|25|78||1148|203|484|0.419|82|146|0.562|309|57|123|488|kojisdo01
cableba01|8|Barney Cable|28|71||1125|116|290|0.4|28|42|0.667|301|47|166|260|cableba01
shuege01|9|Gene Shue|32|47||963|81|276|0.293|36|61|0.59|94|150|98|198|shuege01
hardnch01|10|Charlie Hardnett|25|66||617|107|260|0.41200000000000003|84|125|0.672|251|27|114|298|hardnch01
stavela01|11|Larry Staverman|27|6||99|6|14|0.429|4|4|1.0|13|2|7|16|stavela01
comlela01|12|Larry Comley|24|12||89|8|37|0.21600000000000003|9|16|0.563|19|12|11|25|comlela01
hoguedu01|13|Paul Hogue|23|9||58|3|14|0.214|1|2|0.5|16|1|20|7|hoguedu01
mcgilbi01|14|Bill McGill|24|6||47|11|24|0.45799999999999996|9|11|0.818|16|0|5|31|mcgilbi01
stricro01|15|Roger Strickland|23|1||4|1|3|0.33299999999999996|0|0||0|0|1|2|stricro01
peterme01|16|Mel Peterson|25|2||3|1|1|1.0|0|0||1|0|2|2|peterme01
