player_id|Rk|Unnamed: 1|Age|G|GS|MP|FG|FGA|FG%|FT|FTA|FT%|TRB|AST|PF|PTS|player_id
walkeji01|1|Jimmy Walker|25|81||2869|666|1394|0.478|355|440|0.807|242|248|203|1687|walkeji01
mooreot01|2|Otto Moore|23|81||2523|383|805|0.47600000000000003|194|305|0.636|900|104|232|960|mooreot01
komivho01|3|Howard Komives|28|82||2418|363|878|0.413|190|234|0.812|193|312|247|916|komivho01
bingda01|4|Dave Bing|26|70||2334|575|1295|0.444|454|580|0.7829999999999999|299|418|196|1604|bingda01
mueller01|5|Erwin Mueller|25|74||2284|287|614|0.467|185|254|0.728|469|199|186|759|mueller01
dischte01|6|Terry Dischinger|29|75||1754|342|650|0.526|174|241|0.722|369|106|213|858|dischte01
mclemmc01|7|McCoy McLemore|27|73||1421|233|500|0.466|119|145|0.821|336|83|159|585|mclemmc01
milesed01|8|Eddie Miles|29|44||1243|231|531|0.435|130|170|0.765|173|82|99|592|milesed01
bellawa01|9|Walt Bellamy|30|56||1173|210|384|0.547|140|249|0.562|397|55|163|560|bellawa01
hewitbi01|10|Bill Hewitt|25|45||801|85|210|0.405|38|63|0.603|213|36|91|208|hewitbi01
quickbo01|11|Bob Quick|23|19||297|49|111|0.441|37|53|0.698|63|11|41|135|quickbo01
hairsha01|12|Happy Hairston|27|15||282|57|103|0.5529999999999999|45|63|0.7140000000000001|88|11|36|159|hairsha01
mixst01|13|Steve Mix|22|18||276|48|100|0.48|23|39|0.59|64|15|31|119|mixst01
longpa01|14|Paul Long|25|25||130|28|62|0.452|27|38|0.711|11|17|22|83|longpa01
reynoge01|15|George Reynolds|22|10||44|8|19|0.42100000000000004|5|7|0.7140000000000001|14|12|10|21|reynoge01
workmto01|16|Tom Workman|25|2||6|0|1|0.0|0|0||0|0|1|0|workmto01
