player_id|Player|No.|Pos
colemja01|Jack Coleman|11|PF
daviswa01|Walt Davis|12|PF
hagancl01|Cliff Hagan|16|SF
macaued01|Ed Macauley|20|C
martisl01|Slater Martin|22|PG
mcmahja01|Jack McMahon|21|SG
morrire01|Red Morrison|12|C
parkme01|Med Park|17|SG
pattewo01|Worthy Patterson|17|G
pettibo01|Bob Pettit|9|PF
selvyfr01|Frank Selvy|19|G-F
sharech01|Chuck Share|13|C
wilfowi01|Win Wilfong|15|PG
