player_id|Player|No.|Pos
ballagr01|Greg Ballard|42|SF
cagemi01|Michael Cage|44|PF
champmi01|Mike Champion|41|SF
ellisda01|Dale Ellis|3|SG
johnsav01|Avery Johnson|15|PG
listeal01|Alton Lister|53|C
lucasjo01|John Lucas|20|PG
mcdanxa01|Xavier McDaniel|34|SF
mckeyde01|Derrick McKey|31|SF
mcmilna01|Nate McMillan|10|PG
polynol01|Olden Polynice|23|C
reynoje01|Jerry Reynolds|35|SG
schoeru01|Russ Schoene|40|PF
threase01|Sedale Threatt|4|PG
