player_id|Player|No.|Pos
bantomi01|Mike Bantom|42|PF
calhoco01|Corky Calhoun|10|SF
davisbr01|Brad Davis|20|PG
davisjo01|Johnny Davis|16|PG
edwarja01|James Edwards|40|C
elmorle01|Len Elmore|41|C
englial01|Alex English|22|SF
greenst01|Steve Green|24|SF
knighbi01|Billy Knight|25|SF
radfowa01|Wayne Radford|21|SG
robeyri01|Rick Robey|53|C
soberri01|Ricky Sobers|14|SG
stacoke01|Kevin Stacom|27|SG
