player_id|Player|No.|Pos
bantomi01|Mike Bantom|42|SF
behagro01|Ron Behagen|1|PF
benneme01|Mel Bennett|9|PF
carribo01|Bob Carrington|30|SG
dantlad01|Adrian Dantley|4|SF
edwarja01|James Edwards|40|C
elmorle01|Len Elmore|41|C
flynnmi01|Mike Flynn|44|PG
greenst01|Steve Green|24|SF
neumajo01|Johnny Neumann|21|SG
robisda01|Dave Robisch|40|C
roundda01|Dan Roundfield|32|PF
smithwi02|Willie Smith|8|PG
soberri01|Ricky Sobers|14|PG
tatumea01|Earl Tatum|43|SG
willijo01|John Williamson|23|SG
wilsobo03|Bobby Wilson|7|SG
