player_id|Player|No.|Pos
barnema02|Matt Barnes|22|SF
brandel01|Elton Brand|42|PF
doolike01|Keyon Dooling|1|PG
drobnpr01|Predrag Drobnjak|14|C
elyme01|Melvin Ely|2|PF
houseed01|Eddie House|5|SG
jaricma01|Marko Jarić|20|PG
kamanch01|Chris Kaman|35|C
livinra01|Randy Livingston|9|PG
maggeco01|Corey Maggette|50|SF
overtdo01|Doug Overton|24|PG
polynol01|Olden Polynice|30|C
ricegl01|Glen Rice|41|SF
richaqu01|Quentin Richardson|3|SG
simmobo01|Bobby Simmons|21|SF
wilcoch01|Chris Wilcox|54|C
zhizhwa01|Wang Zhizhi|16|C
