player_id|Rk|Unnamed: 1|Age|G|GS|MP|FG|FGA|FG%|3P|3PA|3P%|2P|2PA|2P%|eFG%|FT|FTA|FT%|ORB|DRB|TRB|AST|TOV|PF|PTS|player_id
simonwa01|1|Walter Simon|29|68||2750|570|1296|0.44|6|27|0.222|564|1269|0.444|0.442|290|417|0.695|181|373|554|234|183|289|1436|simonwa01
mahafra01|2|Randolph Mahaffey|23|48||1594|249|577|0.43200000000000005|0|1|0.0|249|576|0.43200000000000005|0.43200000000000005|164|228|0.7190000000000001|137|250|387|64|149|162|662|mahafra01
bowento01|3|Tommie Bowens|28|76||1550|186|453|0.41100000000000003|0|3|0.0|186|450|0.413|0.41100000000000003|83|128|0.648|159|296|455|52|111|236|455|bowento01
fraziwi01|4|Will Frazier|26|75||1370|217|512|0.424|0|0||217|512|0.424|0.424|120|194|0.619|148|268|416|66|75|200|554|fraziwi01
lloydbo01|5|Bobby Lloyd|23|67||1358|215|541|0.397|12|31|0.387|203|510|0.39799999999999996|0.409|218|246|0.8859999999999999|25|87|112|136|95|176|660|lloydbo01
somerwi01|6|Willie Somerset|26|31||1325|282|657|0.429|19|64|0.297|263|593|0.444|0.444|164|200|0.82|62|73|135|106|92|103|747|somerwi01
hooveto01|7|Tom Hoover|28|40||1256|165|354|0.466|0|2|0.0|165|352|0.469|0.466|110|162|0.679|121|290|411|106|156|187|440|hooveto01
tartle01|8|Levern Tart|26|35||920|190|427|0.445|0|1|0.0|190|426|0.446|0.445|133|170|0.782|68|60|128|87|88|85|513|tartle01
chubist01|9|Stephen Chubin|24|28||828|153|394|0.38799999999999996|1|17|0.059000000000000004|152|377|0.40299999999999997|0.39|138|169|0.8170000000000001|53|50|103|139|112|109|445|chubist01
perryro01|10|Ron Perry|25|23||812|165|425|0.38799999999999996|22|57|0.386|143|368|0.389|0.414|92|131|0.7020000000000001|32|63|95|85|73|81|444|perryro01
dardeol01|11|Ollie Darden|24|30||726|133|279|0.47700000000000004|0|0||133|279|0.47700000000000004|0.47700000000000004|78|110|0.7090000000000001|80|134|214|42|72|107|344|dardeol01
leaksma01|12|Manny Leaks|23|20||713|96|289|0.332|0|1|0.0|96|288|0.33299999999999996|0.332|58|81|0.716|133|150|283|40|34|62|250|leaksma01
anderda01|13|Dan Anderson|25|25||677|101|233|0.433|0|0||101|233|0.433|0.433|75|91|0.8240000000000001|79|138|217|34|43|83|277|anderda01
mcharma01|14|Maurice McHartley|26|24||645|107|266|0.402|0|4|0.0|107|262|0.408|0.402|83|107|0.7759999999999999|27|49|76|76|80|86|297|mcharma01
whitnha01|15|Hank Whitney|29|31||643|104|248|0.419|0|0||104|248|0.419|0.419|60|82|0.732|64|117|181|38|51|90|268|whitnha01
vergabo01|16|Bob Verga|23|24||521|99|273|0.363|5|18|0.278|94|255|0.369|0.37200000000000005|103|144|0.715|27|41|68|41|51|68|306|vergabo01
worslwi01|17|Willie Worsley|23|24||460|36|123|0.293|10|30|0.33299999999999996|26|93|0.28|0.33299999999999996|63|84|0.75|6|29|35|39|32|48|145|worslwi01
lentzle01|18|Leary Lentz|23|26||442|48|126|0.381|0|0||48|126|0.381|0.381|33|43|0.767|40|67|107|9|25|46|129|lentzle01
johnsst01|19|Stew Johnson|24|9||205|28|72|0.389|2|8|0.25|26|64|0.406|0.40299999999999997|16|17|0.941|12|32|44|9|9|24|74|johnsst01
koskito01|20|Tony Koski|22|5||30|2|7|0.28600000000000003|0|0||2|7|0.28600000000000003|0.28600000000000003|2|2|1.0|4|3|7|4|2|9|6|koskito01
wilbuke01|21|Ken Wilburn|24|4||22|2|8|0.25|0|0||2|8|0.25|0.25|6|9|0.667|1|3|4|2|4|6|10|wilbuke01
jacksto01|22|Tony Jackson|26|3||20|0|3|0.0|0|0||0|3|0.0|0.0|1|1|1.0|0|3|3|0|0|2|1|jacksto01
knowlro01|23|Rod Knowles|22|1||3|0|0||0|0||0|0|||0|0||0|0|0|0|0|1|0|knowlro01
