player_id|Player|No.|Pos
akognjo01|Josh Akognon|10|PG
beaubro01|Rodrigue Beaubois|3|PG
brandel01|Elton Brand|42|C
cartevi01|Vince Carter|25|SF
collida01|Darren Collison|4|PG
crowdja01|Jae Crowder|9|SF
cunnija01|Jared Cunningham|1|SG
curryed01|Eddy Curry|52|C
dentmju01|Justin Dentmon|7|PG
douglch01|Chris Douglas-Roberts|17|SG
fishede01|Derek Fisher|6|PG
jamesbe01|Bernard James|5|C
jamesmi01|Mike James|13|PG
jonesda02|Dahntay Jones|30|SF
jonesdo02|Dominique Jones|20|PG
kamanch01|Chris Kaman|35|C
mariosh01|Shawn Marion|0|PF
mayooj01|O.J. Mayo|32|SG
morroan01|Anthony Morrow|23|SG
murphtr01|Troy Murphy|6|PF
nowitdi01|Dirk Nowitzki|41|PF
wrighbr03|Brandan Wright|34|C
wrighch02|Chris Wright|8|SG
