player_id|Rk|Unnamed: 1|Age|G|GS|MP|FG|FGA|FG%|FT|FTA|FT%|TRB|AST|PF|PTS|player_id
twymaja01|1|Jack Twyman|24|72||2713|710|1691|0.42|437|558|0.7829999999999999|653|209|277|1857|twymaja01
bockhbu01|2|Bucky Bockhorn|25|71||2251|294|771|0.381|138|196|0.7040000000000001|460|206|215|726|bockhbu01
mccarjo01|3|Johnny McCarthy|24|47||1827|245|657|0.373|116|174|0.667|227|225|158|606|mccarjo01
piontda01|4|Dave Piontek|24|72||1674|305|813|0.375|156|227|0.687|385|124|162|766|piontda01
palmeji01|5|Jim Palmer|25|67||1624|256|633|0.40399999999999997|178|246|0.7240000000000001|472|65|211|690|palmeji01
embrywa01|6|Wayne Embry|21|66||1590|272|702|0.387|206|314|0.6559999999999999|597|96|232|750|embrywa01
deesar01|7|Archie Dees|22|68||1252|200|562|0.35600000000000004|159|204|0.779|339|56|114|559|deesar01
parrja01|8|Jack Parr|22|66||1037|109|307|0.355|44|73|0.603|278|51|138|262|parrja01
parkme01|9|Med Park|25|33||898|111|277|0.401|97|126|0.77|150|80|71|319|parkme01
stavela01|10|Larry Staverman|22|57||681|101|215|0.47|45|59|0.763|218|54|103|247|stavela01
greensi01|11|Si Green|25|20||666|100|268|0.373|50|73|0.685|140|85|65|250|greensi01
hattove01|12|Vern Hatton|23|22||657|66|207|0.319|34|51|0.667|81|30|55|166|hattove01
rolliph01|13|Phil Rollins|25|21||440|54|144|0.375|35|45|0.778|87|58|30|143|rolliph01
marshto01|14|Tom Marshall|28|18||272|23|79|0.29100000000000004|18|29|0.621|52|27|22|64|marshto01
