player_id|Rk|Unnamed: 1|Age|G|GS|MP|FG|FGA|FG%|FT|FTA|FT%|TRB|AST|PF|PTS|player_id
pettibo01|1|Bob Pettit|26|72||2873|719|1640|0.43799999999999994|667|879|0.759|1182|221|200|2105|pettibo01
hagancl01|2|Cliff Hagan|27|72||2702|646|1417|0.456|415|536|0.774|783|245|275|1707|hagancl01
martisl01|3|Slater Martin|33|71||2504|245|706|0.34700000000000003|197|254|0.7759999999999999|253|336|230|687|martisl01
mcmahja01|4|Jack McMahon|30|72||2235|248|692|0.358|96|156|0.615|164|298|221|592|mcmahja01
sharech01|5|Chuck Share|31|72||1713|147|381|0.386|139|184|0.755|657|103|261|433|sharech01
lovelcl01|6|Clyde Lovellette|29|70||1599|402|885|0.45399999999999996|205|250|0.82|605|91|216|1009|lovelcl01
ferraal01|7|Al Ferrari|25|72||1189|134|385|0.348|145|199|0.7290000000000001|142|122|155|413|ferraal01
reedhu01|8|Hub Reed|22|65||950|136|317|0.429|53|71|0.746|317|32|171|325|reedhu01
wilfowi01|9|Win Wilfong|25|63||741|99|285|0.34700000000000003|62|82|0.7559999999999999|121|50|102|260|wilfowi01
greensi01|10|Si Green|25|26||443|46|147|0.313|54|87|0.621|112|28|62|146|greensi01
parkme01|11|Med Park|25|29||228|34|84|0.405|18|24|0.75|38|28|22|86|parkme01
macaued01|12|Ed Macauley|30|14||196|22|75|0.293|21|35|0.6|40|13|20|65|macaued01
gambeda01|13|Dave Gambee|21|2||7|1|1|1.0|0|0||2|0|2|2|gambeda01
