player_id|Player|No.|Pos
bantomi01|Mike Bantom|40|PF
barnhno01|Norton Barnhill|10|SG
brownfr01|Fred Brown|32|SG
burleto01|Tom Burleson|16|C
grayle01|Leonard Gray|11|PF
greenmi01|Mike Green|23|C
johnsde01|Dennis Johnson|24|SG
lovebo01|Bob Love|10|SF
norwowi01|Willie Norwood|15|SF
oleynfr01|Frank Oleynick|44|PG
sealsbr01|Bruce Seals|45|PF
tolsode01|Dean Tolson|20|PF
wattssl01|Slick Watts|13|PG
weathni01|Nick Weatherspoon|12|SF
wilkebo01|Bob Wilkerson|33|SF
