player_id|Rk|Unnamed: 1|Age|G|GS|MP|FG|FGA|FG%|FT|FTA|FT%|TRB|AST|PF|PTS|player_id
cunnibi01|1|Billy Cunningham|25|82||3345|739|1736|0.426|556|754|0.737|1050|287|329|2034|cunnibi01
greerha01|2|Hal Greer|32|82||3311|732|1595|0.45899999999999996|432|543|0.7959999999999999|435|414|294|1896|greerha01
walkech01|3|Chet Walker|28|82||2753|554|1145|0.484|369|459|0.804|640|144|244|1477|walkech01
imhofda01|4|Darrall Imhoff|30|82||2360|279|593|0.47|194|325|0.597|792|218|310|752|imhofda01
joneswa02|5|Wali Jones|26|81||2340|432|1005|0.43|207|256|0.809|251|292|280|1071|joneswa02
clarkar01|6|Archie Clark|27|82||2144|444|928|0.478|219|314|0.6970000000000001|265|296|188|1107|clarkar01
jackslu01|7|Luke Jackson|27|25||840|145|332|0.43700000000000006|69|97|0.711|286|54|102|359|jackslu01
guokama02|8|Matt Guokas|24|72||838|92|216|0.426|54|81|0.667|94|104|121|238|guokama02
greenjo01|9|Johnny Green|35|74||795|146|282|0.518|57|125|0.456|330|47|110|349|greenjo01
wilsoge01|10|George Wilson|26|38||552|81|182|0.445|60|84|0.7140000000000001|216|32|87|222|wilsoge01
halimsh01|11|Shaler Halimon|23|50||350|88|196|0.449|10|32|0.313|86|18|34|186|halimsh01
raymocr01|12|Craig Raymond|23|27||177|22|64|0.344|11|17|0.647|68|8|46|55|raymocr01
