player_id|Player|No.|Pos
cartwbi01|Bill Cartwright|24|C
corzida01|Dave Corzine|40|C
davisch02|Charles Davis|22|SF
grantho01|Horace Grant|54|PF
haleyja01|Jack Haley|15|PF
hodgecr01|Craig Hodges|14|SG
jonesan01|Anthony Jones|22|SG
jordami01|Michael Jordan|23|SG
nealyed01|Ed Nealy|45|PF
paxsojo01|John Paxson|5|PG
perduwi01|Will Perdue|32|C
pippesc01|Scottie Pippen|33|SF
pressdo01|Dominic Pressley|12|PG
sellebr01|Brad Sellers|6|PF
vincesa01|Sam Vincent|11|PG
woodda01|David Wood|34|PF
