player_id|Rk|Unnamed: 1|Age|G|GS|MP|FG|FGA|FG%|FT|FTA|FT%|TRB|AST|PF|PTS|player_id
yardlge01|1|George Yardley|29|72||2843|673|1624|0.414|655|808|0.8109999999999999|768|97|226|2001|yardlge01
shuege01|2|Gene Shue|26|63||2333|353|919|0.384|276|327|0.8440000000000001|333|172|150|982|shuege01
mcguidi01|3|Dick McGuire|32|69||2311|203|544|0.373|150|225|0.667|291|454|178|556|mcguidi01
dukeswa01|4|Walter Dukes|27|72||2184|278|796|0.349|247|366|0.675|954|52|311|803|dukeswa01
gallaha01|5|Harry Gallatin|30|72||1990|340|898|0.379|392|498|0.787|749|86|217|1072|gallaha01
cliftna01|6|Nat Clifton|35|68||1435|217|597|0.363|91|146|0.623|403|76|202|525|cliftna01
noblech01|7|Chuck Noble|26|61||1363|199|601|0.331|56|77|0.727|140|153|166|454|noblech01
jordoph01|8|Phil Jordon|24|46||823|177|433|0.409|59|87|0.6779999999999999|277|32|97|413|jordoph01
kenvibi01|9|Billy Kenville|27|35||649|106|280|0.379|46|75|0.613|102|66|68|258|kenvibi01
holupjo01|10|Joe Holup|23|37||607|77|221|0.348|55|71|0.775|198|23|76|209|holupjo01
houbrbo01|11|Bob Houbregs|25|17||302|49|137|0.358|30|43|0.698|65|19|36|128|houbrbo01
thiebbi01|12|Bill Thieben|22|27||243|42|143|0.294|16|27|0.593|65|7|44|100|thiebbi01
athadi01|13|Dick Atha|26|18||160|17|47|0.36200000000000004|10|12|0.833|24|19|24|44|athadi01
marshto01|14|Tom Marshall|27|9||66|7|22|0.318|7|8|0.875|8|4|6|21|marshto01
ebbenbi01|15|Bill Ebben|22|8||50|6|28|0.214|3|4|0.75|8|4|5|15|ebbenbi01
bolstdo01|16|Doug Bolstorff|26|3||21|2|5|0.4|0|0||0|0|1|4|bolstdo01
