player_id|Player|No.|Pos
aldrila01|LaMarcus Aldridge|12|C
anderky01|Kyle Anderson|1|SF
bertada01|Dāvis Bertāns|42|PF
costema01|Matt Costello|10|C
forbebr01|Bryn Forbes|11|SG
gasolpa01|Pau Gasol|16|C
gayru01|Rudy Gay|22|PF
ginobma01|Manu Ginóbili|20|SG
greenda02|Danny Green|14|SG
hillida01|Darrun Hilliard|24|SG
lauvejo01|Joffrey Lauvergne|77|C
leonaka01|Kawhi Leonard|2|SF
millspa02|Patty Mills|8|PG
murrade01|Dejounte Murray|5|PG
parketo01|Tony Parker|9|PG
paulbr01|Brandon Paul|3|SG
whitede01|Derrick White|4|PG
