player_id|Player|No.|Pos
beaslmi01|Michael Beasley|0|SF
brownsh01|Shannon Brown|26|SG
dragigo01|Goran Dragić|1|PG
dudleja01|Jared Dudley|3|SF
garredi02|Diante Garrett|10|PG
gortama01|Marcin Gortat|4|C
haddaha01|Hamed Haddadi|98|C
johnswe01|Wesley Johnson|2|SF
marshke01|Kendall Marshall|12|PG
morrima03|Marcus Morris|15|SF
morrima02|Markieff Morris|11|PF
onealje01|Jermaine O'Neal|20|C
scolalu01|Luis Scola|14|PF
telfase01|Sebastian Telfair|31|PG
tuckepj01|P.J. Tucker|17|SG
zellelu01|Luke Zeller|40|C
