player_id|Player|No.|Pos
ferraal01|Al Ferrari|11|SG
ferrybo01|Bob Ferry|20|C
foustla01|Larry Foust|13|C
gambeda01|Dave Gambee|12|SF
greensi01|Si Green|17|PG
hagancl01|Cliff Hagan|16|SF
lovelcl01|Clyde Lovellette|34|C
martisl01|Slater Martin|22|PG
mccarjo01|Johnny McCarthy|15|SG
mcmahja01|Jack McMahon|21|PG
pettibo01|Bob Pettit|9|PF
piontda01|Dave Piontek|12-25|SF
ramseca01|Cal Ramsey|13|SF
reedhu01|Hub Reed|19|C
sharech01|Chuck Share|13|C
